{
  "Region":"northAmerica",
  "0-100 km/h":4.4,
  "0-60 mph":4.2,
  "BoundingBox":[
    [
      -0.816,
      -1.883,
      -0.1394
    ],
    [
      1.416,
      2.754,
      1.049
    ]
  ],
  "Braking G":1.44,
  "Config Type":"Factory",
  "Configuration":"Strada V6 (Sequential)",
  "Description":"Purist base model with a 3.5L V6 engine and sequential gearbox",
  "Drag Times":{
    "brakingG":1.81,
    "time_0_60":5.4,
    "time_1000":10.687,
    "time_1_4":12.719,
    "time_1_8":8.294,
    "time_330":5.523,
    "time_60":2.138,
    "velAt_1_4":49.73,
    "velAt_1_8":40.02
  },
  "Drivetrain":"RWD",
  "Fuel Type":"Gasoline",
  "Induction Type":"NA",
  "Off-Road Score":25,
  "Population":500,
  "Power":299,
  "PowerPeakRPM":"5800 - 6500",
  "Propulsion":"ICE",
  "Top Speed":76,
  "Torque":280,
  "TorquePeakRPM":"3000 - 5000",
  "Transmission":"Sequential",
  "Value":155000,
  "Weight":1394,
  "Weight/Power":4.65,
  "defaultPaintName1":"Viola"
}