{
  "0-100 km/h":4.7,
  "0-100 mph":13,
  "0-200 km/h":20,
  "0-60 mph":4.5,
  "100-0 km/h":37,
  "100-200 km/h":15,
  "60-0 mph":109,
  "60-100 mph":7,
  "Body Style":"Liftback",
  "BoundingBox":[
    [
      -0.6993,
      -2.0871,
      -0.1897
    ],
    [
      1.1993,
      2.3499,
      1.0798
    ]
  ],
  "Braking G":1.16,
  "Config Type":"Custom",
  "Configuration":"250BX FASER Edition (M)",
  "Description":"Extensively modified by FASER for a manufacturer tuning competition, featuring a Vivace 2.5L NA i5 engine swap",
  "Drag Times":{
    "brakingG":1.22,
    "time_0_60":4.64,
    "time_1000":9.864,
    "time_1_4":11.849,
    "time_1_8":7.525,
    "time_330":4.811,
    "time_60":1.618,
    "velAt_1_4":51.06,
    "velAt_1_8":41.18
  },
  "Drivetrain":"RWD",
  "Fuel Type":"Gasoline",
  "Induction Type":"NA",
  "Off-Road Score":25,
  "Population":100,
  "Power":291,
  "PowerPeakRPM":"7000 - 8200",
  "Propulsion":"ICE",
  "Top Speed":76,
  "Torque":230,
  "TorquePeakRPM":"5000 - 7000",
  "Transmission":"Manual",
  "Value":58000,
  "Weight":1247,
  "Weight/Power":4.25,
  "defaultPaintName1":"Midnight Pearl"
}