{
  "0-100 km/h":6.4,
  "0-100 mph":16.0,
  "0-60 mph":6.2,
  "100-0 km/h":39,
  "60-0 mph":117,
  "60-100 mph":9,
  "Body Style":"Coupe",
  "BoundingBox":[
    [
      -0.6993,
      -2.0871,
      -0.1897
    ],
    [
      1.1993,
      2.3499,
      1.0798
    ]
  ],
  "Braking G":1.14,
  "Config Type":"Custom",
  "Configuration":"RX-8 (M)",
  "Description":"A heavily modified Diana GTz transformed into an RX-8 tribute, featuring a full engine swap and various other modifications",
  "Drag Times":{
    "brakingG":1.17,
    "time_0_60": 6,
    "time_1000": 13.9,
    "time_1_4": 14.5,
    "time_1_8": 9.3,
    "time_330": 6.3,
    "time_60": 2.2,
    "velAt_1_4": 95,
    "velAt_1_8": 75
  }
  "Drivetrain":"RWD",
  "Fuel Type":"Gasoline",
  "Induction Type":"NA",
  "Off-Road Score":25,
  "Population":5000,
  "Power":231,
  "PowerPeakRPM":"7500 - 8750",
  "Propulsion":"ICE",
  "Top Speed":65,
  "Torque":156,
  "TorquePeakRPM":"4500 - 7000",
  "Transmission":"Manual",
  "Value":38000,
  "Weight":1350,
  "Weight/Power":5.95,
  "defaultPaintName1":"Metropolitan Grey Mica"
}