{
  "0-100 km/h":5.2,
  "0-100 mph":14.5,
  "0-200 km/h":24,
  "0-60 mph":5,
  "100-0 km/h":40,
  "100-200 km/h":17,
  "60-0 mph":120,
  "60-100 mph":8,
  "Body Style":"Coupe",
  "BoundingBox":[
    [
      -0.6993,
      -2.0871,
      -0.1897
    ],
    [
      1.1993,
      2.3499,
      1.0798
    ]
  ],
  "Braking G":1.14,
  "Config Type":"Custom",
  "Configuration":"250BX Okudai Edition (M)",
  "Description":"Heavily modified by Okudai for a manufacturer tuning competition, featuring a Vivace 2.5L NA i5 engine swap",
  "Drag Times":{
    "brakingG":1.19,
    "time_0_60":4.64,
    "time_1000":10.803,
    "time_1_4":12.981,
    "time_1_8":8.244,
    "time_330":5.253,
    "time_60":1.713,
    "velAt_1_4":46.431,
    "velAt_1_8":37.525
  },
  "Drivetrain":"RWD",
  "Fuel Type":"Gasoline",
  "Induction Type":"NA",
  "Off-Road Score":25,
  "Population":100,
  "Power":224,
  "PowerPeakRPM":"6000 - 7500",
  "Propulsion":"ICE",
  "Top Speed":65,
  "Torque":212,
  "TorquePeakRPM":"2500 - 4000",
  "Transmission":"Manual",
  "Value":48000,
  "Weight":1287,
  "Weight/Power":5.75,
  "defaultPaintName1":"Midnight Pearl"
}